staffing_id,opportunity_id,banker_id,role_on_deal,allocated_hours_per_week,assignment_start,assignment_end
S000001,OPP01937,B0001,Analyst,9.4,2025-06-16,
S000002,OPP00537,B0001,Analyst,6.0,2023-01-27,
S000003,OPP00558,B0001,Analyst,8.4,2023-06-24,
S000004,OPP01908,B0001,Analyst,8.1,2023-10-11,
S000005,OPP00593,B0001,Analyst,7.9,2024-11-26,
S000006,OPP01866,B0001,Analyst,8.7,2023-05-11,
S000007,OPP00470,B0001,Analyst,9.3,2023-08-16,
S000008,OPP01223,B0001,Analyst,6.2,2024-07-03,
S000009,OPP01350,B0001,Analyst,8.1,2025-09-19,
S000010,OPP01941,B0002,Analyst,9.0,2025-02-22,
S000011,OPP01982,B0002,Analyst,7.5,2025-07-04,
S000012,OPP00485,B0002,Analyst,6.6,2024-07-22,
S000013,OPP02011,B0002,Analyst,8.9,2024-02-22,
S000014,OPP02021,B0002,Analyst,9.2,2024-09-07,
S000015,OPP01978,B0003,Analyst,6.7,2024-01-08,
S000016,OPP01992,B0003,Analyst,6.0,2025-01-05,
S000017,OPP00490,B0003,Analyst,6.9,2024-12-15,
S000018,OPP01973,B0003,Analyst,8.9,2023-11-01,
S000019,OPP01976,B0003,Analyst,6.5,2023-05-10,
S000020,OPP00536,B0003,Analyst,6.4,2024-04-06,
S000021,OPP02014,B0003,Analyst,8.5,2025-07-17,
S000022,OPP02024,B0003,Analyst,7.4,2024-09-16,
S000023,OPP01925,B0004,Analyst,8.7,2023-05-17,
S000024,OPP01940,B0004,Analyst,8.1,2025-03-19,
S000025,OPP00548,B0004,Analyst,8.6,2023-06-02,
S000026,OPP00562,B0004,Analyst,6.3,2023-08-06,
S000027,OPP01867,B0004,Analyst,7.5,2025-03-19,
S000028,OPP02298,B0004,Analyst,8.7,2023-01-06,
S000029,OPP02300,B0004,Analyst,6.9,2023-02-08,
S000030,OPP01270,B0004,Analyst,6.6,2023-06-24,
S000031,OPP01282,B0004,Analyst,7.3,2024-06-19,
S000032,OPP00130,B0004,Analyst,7.1,2024-04-25,
S000033,OPP01937,B0005,Analyst,7.6,2025-06-16,
S000034,OPP00537,B0005,Analyst,8.1,2023-01-27,
S000035,OPP00558,B0005,Analyst,6.4,2023-06-24,
S000036,OPP01908,B0005,Analyst,8.1,2023-10-11,
S000037,OPP01941,B0006,Analyst,7.4,2025-02-22,
S000038,OPP01982,B0006,Analyst,8.6,2025-07-04,
S000039,OPP00485,B0006,Analyst,7.0,2024-07-22,
S000040,OPP02011,B0006,Analyst,8.0,2024-02-22,
S000041,OPP02021,B0006,Analyst,9.1,2024-09-07,
S000042,OPP01978,B0007,Analyst,9.0,2024-01-08,
S000043,OPP01992,B0007,Analyst,9.1,2025-01-05,
S000044,OPP00490,B0007,Analyst,6.7,2024-12-15,
S000045,OPP01973,B0007,Analyst,6.7,2023-11-01,
S000046,OPP01976,B0007,Analyst,7.9,2023-05-10,
S000047,OPP00536,B0007,Analyst,9.4,2024-04-06,
S000048,OPP01925,B0008,Analyst,7.8,2023-05-17,
S000049,OPP01940,B0008,Analyst,6.2,2025-03-19,
S000050,OPP00548,B0008,Analyst,6.6,2023-06-02,
S000051,OPP00562,B0008,Analyst,6.5,2023-08-06,
S000052,OPP01937,B0009,Analyst,7.1,2025-06-16,
S000053,OPP00537,B0009,Analyst,6.6,2023-01-27,
S000054,OPP00558,B0009,Analyst,7.7,2023-06-24,
S000055,OPP01908,B0009,Analyst,7.1,2023-10-11,
S000056,OPP00593,B0009,Analyst,7.3,2024-11-26,
S000057,OPP01866,B0009,Analyst,7.1,2023-05-11,
S000058,OPP00470,B0009,Analyst,6.0,2023-08-16,
S000059,OPP01223,B0009,Analyst,8.3,2024-07-03,
S000060,OPP01350,B0009,Analyst,6.4,2025-09-19,
S000061,OPP01356,B0009,Analyst,6.7,2023-11-07,
S000062,OPP01941,B0010,Analyst,6.5,2025-02-22,
S000063,OPP01982,B0010,Analyst,7.2,2025-07-04,
S000064,OPP00485,B0010,Analyst,6.8,2024-07-22,
S000065,OPP01978,B0011,Analyst,7.0,2024-01-08,
S000066,OPP01992,B0011,Analyst,6.3,2025-01-05,
S000067,OPP00490,B0011,Analyst,7.8,2024-12-15,
S000068,OPP01973,B0011,Analyst,6.4,2023-11-01,
S000069,OPP01976,B0011,Analyst,8.6,2023-05-10,
S000070,OPP00536,B0011,Analyst,6.2,2024-04-06,
S000071,OPP02014,B0011,Analyst,7.6,2025-07-17,
S000072,OPP02024,B0011,Analyst,9.2,2024-09-16,
S000073,OPP02028,B0011,Analyst,6.5,2025-03-13,
S000074,OPP01925,B0012,Analyst,9.3,2023-05-17,
S000075,OPP01940,B0012,Analyst,7.3,2025-03-19,
S000076,OPP00548,B0012,Analyst,8.2,2023-06-02,
S000077,OPP01937,B0013,Analyst,6.9,2025-06-16,
S000078,OPP00537,B0013,Analyst,8.1,2023-01-27,
S000079,OPP01941,B0014,Analyst,6.8,2025-02-22,
S000080,OPP01982,B0014,Analyst,8.3,2025-07-04,
S000081,OPP00485,B0014,Analyst,8.5,2024-07-22,
S000082,OPP02011,B0014,Analyst,8.9,2024-02-22,
S000083,OPP02021,B0014,Analyst,9.3,2024-09-07,
S000084,OPP01864,B0014,Analyst,7.6,2024-02-19,
S000085,OPP01312,B0014,Analyst,8.3,2024-01-05,
S000086,OPP01347,B0014,Analyst,6.1,2023-03-26,
S000087,OPP01286,B0014,Analyst,9.1,2023-07-31,
S000088,OPP01978,B0015,Analyst,7.5,2024-01-08,
S000089,OPP01992,B0015,Analyst,8.6,2025-01-05,
S000090,OPP00490,B0015,Analyst,8.8,2024-12-15,
S000091,OPP01973,B0015,Analyst,8.7,2023-11-01,
S000092,OPP01976,B0015,Analyst,7.7,2023-05-10,
S000093,OPP01925,B0016,Analyst,8.1,2023-05-17,
S000094,OPP01940,B0016,Analyst,7.8,2025-03-19,
S000095,OPP00548,B0016,Analyst,8.0,2023-06-02,
S000096,OPP00562,B0016,Analyst,8.1,2023-08-06,
S000097,OPP01867,B0016,Analyst,8.4,2025-03-19,
S000098,OPP01937,B0017,Analyst,8.9,2025-06-16,
S000099,OPP00537,B0017,Analyst,7.5,2023-01-27,
S000100,OPP00558,B0017,Analyst,6.6,2023-06-24,
S000101,OPP01908,B0017,Analyst,7.9,2023-10-11,
S000102,OPP00593,B0017,Analyst,8.1,2024-11-26,
S000103,OPP01941,B0018,Analyst,6.3,2025-02-22,
S000104,OPP01982,B0018,Analyst,7.0,2025-07-04,
S000105,OPP00485,B0018,Analyst,8.9,2024-07-22,
S000106,OPP02011,B0018,Analyst,9.2,2024-02-22,
S000107,OPP02021,B0018,Analyst,7.4,2024-09-07,
S000108,OPP01978,B0019,Analyst,7.5,2024-01-08,
S000109,OPP01992,B0019,Analyst,7.8,2025-01-05,
S000110,OPP00490,B0019,Analyst,6.9,2024-12-15,
S000111,OPP01925,B0020,Analyst,8.1,2023-05-17,
S000112,OPP01940,B0020,Analyst,8.2,2025-03-19,
S000113,OPP00548,B0020,Analyst,7.3,2023-06-02,
S000114,OPP00562,B0020,Analyst,7.1,2023-08-06,
S000115,OPP01867,B0020,Analyst,7.2,2025-03-19,
S000116,OPP02298,B0020,Analyst,9.2,2023-01-06,
S000117,OPP01937,B0021,Analyst,7.8,2025-06-16,
S000118,OPP00537,B0021,Analyst,9.0,2023-01-27,
S000119,OPP00558,B0021,Analyst,7.2,2023-06-24,
S000120,OPP01908,B0021,Analyst,7.5,2023-10-11,
S000121,OPP00593,B0021,Analyst,8.8,2024-11-26,
S000122,OPP01866,B0021,Analyst,6.5,2023-05-11,
S000123,OPP01941,B0022,Analyst,9.3,2025-02-22,
S000124,OPP01982,B0022,Analyst,8.4,2025-07-04,
S000125,OPP00485,B0022,Analyst,6.0,2024-07-22,
S000126,OPP02011,B0022,Analyst,8.8,2024-02-22,
S000127,OPP02021,B0022,Analyst,8.4,2024-09-07,
S000128,OPP01978,B0023,Analyst,6.5,2024-01-08,
S000129,OPP01992,B0023,Analyst,8.1,2025-01-05,
S000130,OPP00490,B0023,Analyst,7.5,2024-12-15,
S000131,OPP01973,B0023,Analyst,8.9,2023-11-01,
S000132,OPP01976,B0023,Analyst,6.9,2023-05-10,
S000133,OPP00536,B0023,Analyst,8.2,2024-04-06,
S000134,OPP02014,B0023,Analyst,6.8,2025-07-17,
S000135,OPP01925,B0024,Analyst,7.3,2023-05-17,
S000136,OPP01940,B0024,Analyst,6.6,2025-03-19,
S000137,OPP00548,B0024,Analyst,8.0,2023-06-02,
S000138,OPP00562,B0024,Analyst,7.1,2023-08-06,
S000139,OPP01867,B0024,Analyst,8.6,2025-03-19,
S000140,OPP01937,B0025,Associate,7.5,2025-06-16,
S000141,OPP00537,B0025,Associate,5.7,2023-01-27,
S000142,OPP00558,B0025,Associate,5.7,2023-06-24,
S000143,OPP01908,B0025,Associate,6.6,2023-10-11,
S000144,OPP00593,B0025,Associate,7.5,2024-11-26,
S000145,OPP01866,B0025,Associate,8.6,2023-05-11,
S000146,OPP01941,B0026,Associate,7.8,2025-02-22,
S000147,OPP01982,B0026,Associate,7.7,2025-07-04,
S000148,OPP00485,B0026,Associate,7.2,2024-07-22,
S000149,OPP02011,B0026,Associate,8.6,2024-02-22,
S000150,OPP02021,B0026,Associate,7.2,2024-09-07,
S000151,OPP01864,B0026,Associate,8.2,2024-02-19,
S000152,OPP01978,B0027,Associate,8.7,2024-01-08,
S000153,OPP01992,B0027,Associate,8.5,2025-01-05,
S000154,OPP01925,B0028,Associate,5.9,2023-05-17,
S000155,OPP01940,B0028,Associate,7.7,2025-03-19,
S000156,OPP00548,B0028,Associate,6.7,2023-06-02,
S000157,OPP00562,B0028,Associate,7.7,2023-08-06,
S000158,OPP01867,B0028,Associate,6.9,2025-03-19,
S000159,OPP01937,B0029,Associate,5.7,2025-06-16,
S000160,OPP00537,B0029,Associate,6.9,2023-01-27,
S000161,OPP00558,B0029,Associate,8.2,2023-06-24,
S000162,OPP01908,B0029,Associate,7.9,2023-10-11,
S000163,OPP00593,B0029,Associate,8.1,2024-11-26,
S000164,OPP01866,B0029,Associate,8.1,2023-05-11,
S000165,OPP00470,B0029,Associate,6.8,2023-08-16,
S000166,OPP01223,B0029,Associate,7.2,2024-07-03,
S000167,OPP01941,B0030,Associate,7.5,2025-02-22,
S000168,OPP01982,B0030,Associate,7.9,2025-07-04,
S000169,OPP00485,B0030,Associate,7.5,2024-07-22,
S000170,OPP01978,B0031,Associate,8.0,2024-01-08,
S000171,OPP01992,B0031,Associate,6.3,2025-01-05,
S000172,OPP00490,B0031,Associate,8.4,2024-12-15,
S000173,OPP01973,B0031,Associate,6.4,2023-11-01,
S000174,OPP01976,B0031,Associate,7.1,2023-05-10,
S000175,OPP00536,B0031,Associate,7.1,2024-04-06,
S000176,OPP01925,B0032,Associate,6.2,2023-05-17,
S000177,OPP01940,B0032,Associate,7.4,2025-03-19,
S000178,OPP00548,B0032,Associate,8.5,2023-06-02,
S000179,OPP01937,B0033,Associate,8.3,2025-06-16,
S000180,OPP00537,B0033,Associate,7.0,2023-01-27,
S000181,OPP00558,B0033,Associate,8.2,2023-06-24,
S000182,OPP01908,B0033,Associate,7.0,2023-10-11,
S000183,OPP01941,B0034,Associate,6.0,2025-02-22,
S000184,OPP01982,B0034,Associate,7.5,2025-07-04,
S000185,OPP00485,B0034,Associate,8.2,2024-07-22,
S000186,OPP02011,B0034,Associate,6.0,2024-02-22,
S000187,OPP01978,B0035,Associate,6.9,2024-01-08,
S000188,OPP01992,B0035,Associate,8.4,2025-01-05,
S000189,OPP00490,B0035,Associate,8.4,2024-12-15,
S000190,OPP01925,B0036,Associate,6.1,2023-05-17,
S000191,OPP01940,B0036,Associate,6.5,2025-03-19,
S000192,OPP00548,B0036,Associate,8.1,2023-06-02,
S000193,OPP00562,B0036,Associate,6.6,2023-08-06,
S000194,OPP01937,B0037,Associate,7.1,2025-06-16,
S000195,OPP00537,B0037,Associate,6.7,2023-01-27,
S000196,OPP00558,B0037,Associate,7.2,2023-06-24,
S000197,OPP01908,B0037,Associate,7.4,2023-10-11,
S000198,OPP01941,B0038,Associate,7.8,2025-02-22,
S000199,OPP01982,B0038,Associate,6.1,2025-07-04,
S000200,OPP00485,B0038,Associate,8.5,2024-07-22,
S000201,OPP02011,B0038,Associate,8.4,2024-02-22,
S000202,OPP01978,B0039,Associate,6.1,2024-01-08,
S000203,OPP01992,B0039,Associate,8.0,2025-01-05,
S000204,OPP00490,B0039,Associate,6.8,2024-12-15,
S000205,OPP01973,B0039,Associate,6.7,2023-11-01,
S000206,OPP01976,B0039,Associate,6.8,2023-05-10,
S000207,OPP01925,B0040,Associate,7.8,2023-05-17,
S000208,OPP01940,B0040,Associate,7.6,2025-03-19,
S000209,OPP00548,B0040,Associate,7.2,2023-06-02,
S000210,OPP01937,B0041,Associate,6.9,2025-06-16,
S000211,OPP00537,B0041,Associate,7.0,2023-01-27,
S000212,OPP00558,B0041,Associate,7.0,2023-06-24,
S000213,OPP01908,B0041,Associate,6.7,2023-10-11,
S000214,OPP00593,B0041,Associate,7.7,2024-11-26,
S000215,OPP01866,B0041,Associate,5.6,2023-05-11,
S000216,OPP00470,B0041,Associate,8.4,2023-08-16,
S000217,OPP01941,B0042,Associate,7.4,2025-02-22,
S000218,OPP01982,B0042,Associate,6.6,2025-07-04,
S000219,OPP00485,B0042,Associate,8.6,2024-07-22,
S000220,OPP02011,B0042,Associate,8.0,2024-02-22,
S000221,OPP02021,B0042,Associate,7.2,2024-09-07,
S000222,OPP01864,B0042,Associate,7.0,2024-02-19,
S000223,OPP01312,B0042,Associate,8.7,2024-01-05,
S000224,OPP01978,B0043,Associate,6.9,2024-01-08,
S000225,OPP01992,B0043,Associate,6.6,2025-01-05,
S000226,OPP00490,B0043,Associate,7.8,2024-12-15,
S000227,OPP01973,B0043,Associate,7.5,2023-11-01,
S000228,OPP01976,B0043,Associate,8.3,2023-05-10,
S000229,OPP01925,B0044,Associate,7.1,2023-05-17,
S000230,OPP01940,B0044,Associate,8.0,2025-03-19,
S000231,OPP00548,B0044,Associate,6.9,2023-06-02,
S000232,OPP00562,B0044,Associate,8.3,2023-08-06,
S000233,OPP01867,B0044,Associate,6.6,2025-03-19,
S000234,OPP01937,B0045,Deal Lead,10.3,2025-06-16,
S000235,OPP00537,B0045,Deal Lead,8.6,2023-01-27,
S000236,OPP00558,B0045,Deal Lead,10.1,2023-06-24,
S000237,OPP01908,B0045,Deal Lead,8.0,2023-10-11,
S000238,OPP01941,B0046,Deal Lead,10.5,2025-02-22,
S000239,OPP01982,B0046,Deal Lead,7.3,2025-07-04,
S000240,OPP00485,B0046,Deal Lead,11.0,2024-07-22,
S000241,OPP02011,B0046,Deal Lead,9.0,2024-02-22,
S000242,OPP02021,B0046,Deal Lead,10.9,2024-09-07,
S000243,OPP01864,B0046,Deal Lead,10.4,2024-02-19,
S000244,OPP01978,B0047,Deal Lead,11.1,2024-01-08,
S000245,OPP01992,B0047,Deal Lead,9.7,2025-01-05,
S000246,OPP00490,B0047,Deal Lead,8.1,2024-12-15,
S000247,OPP01973,B0047,Deal Lead,8.8,2023-11-01,
S000248,OPP01925,B0048,Deal Lead,11.0,2023-05-17,
S000249,OPP01940,B0048,Deal Lead,8.0,2025-03-19,
S000250,OPP00548,B0048,Deal Lead,10.7,2023-06-02,
S000251,OPP00562,B0048,Deal Lead,9.2,2023-08-06,
S000252,OPP01937,B0049,Deal Lead,8.9,2025-06-16,
S000253,OPP00537,B0049,Deal Lead,10.0,2023-01-27,
S000254,OPP00558,B0049,Deal Lead,8.1,2023-06-24,
S000255,OPP01908,B0049,Deal Lead,10.4,2023-10-11,
S000256,OPP00593,B0049,Deal Lead,10.5,2024-11-26,
S000257,OPP01941,B0050,Deal Lead,8.9,2025-02-22,
S000258,OPP01978,B0051,Deal Lead,8.3,2024-01-08,
S000259,OPP01925,B0052,Deal Lead,10.9,2023-05-17,
S000260,OPP01940,B0052,Deal Lead,9.6,2025-03-19,
S000261,OPP01937,B0053,Deal Lead,10.0,2025-06-16,
S000262,OPP01941,B0054,Deal Lead,7.4,2025-02-22,
S000263,OPP01982,B0054,Deal Lead,11.2,2025-07-04,
S000264,OPP00485,B0054,Deal Lead,10.6,2024-07-22,
S000265,OPP02011,B0054,Deal Lead,8.1,2024-02-22,
S000266,OPP01978,B0055,Deal Lead,9.5,2024-01-08,
S000267,OPP01992,B0055,Deal Lead,8.7,2025-01-05,
S000268,OPP00490,B0055,Deal Lead,8.7,2024-12-15,
S000269,OPP01973,B0055,Deal Lead,8.2,2023-11-01,
S000270,OPP01925,B0056,Deal Lead,8.2,2023-05-17,
S000271,OPP01937,B0057,Deal Lead,10.1,2025-06-16,
S000272,OPP00537,B0057,Deal Lead,9.9,2023-01-27,
S000273,OPP00558,B0057,Deal Lead,8.2,2023-06-24,
S000274,OPP01941,B0058,Deal Lead,10.7,2025-02-22,
S000275,OPP01982,B0058,Deal Lead,11.2,2025-07-04,
S000276,OPP00485,B0058,Deal Lead,11.1,2024-07-22,
S000277,OPP02011,B0058,Deal Lead,9.8,2024-02-22,
S000278,OPP02021,B0058,Deal Lead,10.8,2024-09-07,
S000279,OPP01864,B0058,Deal Lead,9.0,2024-02-19,
S000280,OPP01312,B0058,Deal Lead,10.4,2024-01-05,
S000281,OPP01978,B0059,Senior Banker,9.9,2024-01-08,
S000282,OPP01992,B0059,Senior Banker,9.7,2025-01-05,
S000283,OPP00490,B0059,Senior Banker,9.3,2024-12-15,
S000284,OPP01925,B0060,Senior Banker,11.2,2023-05-17,
S000285,OPP01940,B0060,Senior Banker,9.1,2025-03-19,
S000286,OPP00548,B0060,Senior Banker,11.2,2023-06-02,
S000287,OPP01937,B0061,Senior Banker,9.7,2025-06-16,
S000288,OPP00537,B0061,Senior Banker,10.3,2023-01-27,
S000289,OPP01941,B0062,Senior Banker,11.4,2025-02-22,
S000290,OPP01978,B0063,Senior Banker,9.1,2024-01-08,
S000291,OPP01992,B0063,Senior Banker,10.1,2025-01-05,
S000292,OPP00490,B0063,Senior Banker,10.6,2024-12-15,
S000293,OPP01925,B0064,Senior Banker,9.4,2023-05-17,
S000294,OPP01940,B0064,Senior Banker,11.8,2025-03-19,
S000295,OPP01937,B0065,Senior Banker,11.7,2025-06-16,
S000296,OPP00537,B0065,Senior Banker,11.3,2023-01-27,
S000297,OPP00558,B0065,Senior Banker,11.9,2023-06-24,
S000298,OPP01941,B0066,Senior Banker,12.5,2025-02-22,
S000299,OPP01982,B0066,Senior Banker,12.2,2025-07-04,
S000300,OPP00485,B0066,Senior Banker,9.9,2024-07-22,
S000301,OPP01978,B0067,Senior Banker,11.8,2024-01-08,
S000302,OPP01992,B0067,Senior Banker,12.3,2025-01-05,
S000303,OPP00490,B0067,Senior Banker,11.7,2024-12-15,
S000304,OPP01973,B0067,Senior Banker,9.8,2023-11-01,
S000305,OPP01976,B0067,Senior Banker,8.3,2023-05-10,
S000306,OPP01925,B0068,Senior Banker,8.6,2023-05-17,
S000307,OPP01940,B0068,Senior Banker,8.5,2025-03-19,
S000308,OPP00548,B0068,Senior Banker,8.7,2023-06-02,
S000309,OPP01937,B0069,Lead MD,9.7,2025-06-16,
S000310,OPP01941,B0070,Lead MD,12.3,2025-02-22,
S000311,OPP01978,B0071,Lead MD,11.3,2024-01-08,
S000312,OPP01992,B0071,Lead MD,11.2,2025-01-05,
S000313,OPP00490,B0071,Lead MD,11.1,2024-12-15,
S000314,OPP01925,B0072,Lead MD,10.1,2023-05-17,
S000315,OPP01940,B0072,Lead MD,9.8,2025-03-19,
S000316,OPP01937,B0073,Lead MD,9.9,2025-06-16,
S000317,OPP00537,B0073,Lead MD,10.6,2023-01-27,
S000318,OPP00558,B0073,Lead MD,10.2,2023-06-24,
S000319,OPP01941,B0074,Lead MD,9.7,2025-02-22,
S000320,OPP01982,B0074,Lead MD,11.2,2025-07-04,
S000321,OPP00485,B0074,Lead MD,9.5,2024-07-22,
S000322,OPP02011,B0074,Lead MD,8.0,2024-02-22,
S000323,OPP02021,B0074,Lead MD,8.4,2024-09-07,
S000324,OPP01978,B0075,Lead MD,10.2,2024-01-08,
S000325,OPP01992,B0075,Lead MD,10.6,2025-01-05,
S000326,OPP00490,B0075,Lead MD,12.2,2024-12-15,
S000327,OPP01973,B0075,Lead MD,11.0,2023-11-01,
S000328,OPP01925,B0076,Lead MD,11.6,2023-05-17,
S000329,OPP01940,B0076,Lead MD,9.2,2025-03-19,
S000330,OPP00548,B0076,Lead MD,12.2,2023-06-02,
S000331,OPP00562,B0076,Lead MD,10.4,2023-08-06,
