banker_id,banker_name,level,industry_group,active_deals,capacity_deals,allocated_hours,capacity_hours_per_week,utilization_pct,deal_load_pct,flag
B0025,Devon Park,Associate,Healthcare,6,5,41.6,42,0.9904761904761905,1.2,OK
B0048,Jesse Foster,VP,Consumer,4,4,38.9,40,0.9724999999999999,1.0,OK
B0071,Jesse Patel,Managing Director,Technology & Services,3,3,33.6,35,0.9600000000000001,1.0,OK
B0047,Chris Davis,VP,Technology & Services,4,4,37.7,40,0.9425000000000001,1.0,OK
B0054,Avery Nguyen,VP,Industrial,4,4,37.3,40,0.9324999999999999,1.0,OK
B0045,Devon Park,VP,Healthcare,4,4,37.0,40,0.925,1.0,OK
B0065,Jordan Kim,Executive Director,Healthcare,3,3,34.9,38,0.9184210526315789,1.0,OK
B0015,Jesse Park,Analyst,Technology & Services,5,6,41.3,45,0.9177777777777777,0.8333333333333334,OK
B0002,Devon Davis,Analyst,Industrial,5,6,41.2,45,0.9155555555555556,0.8333333333333334,OK
B0066,Drew O'Brien,Executive Director,Industrial,3,3,34.6,38,0.9105263157894737,1.0,OK
B0022,Devon Davis,Analyst,Industrial,5,6,40.900000000000006,45,0.908888888888889,0.8333333333333334,OK
B0016,Avery Patel,Analyst,Consumer,5,6,40.4,45,0.8977777777777778,0.8333333333333334,OK
B0006,Avery Patel,Analyst,Industrial,5,6,40.1,45,0.8911111111111112,0.8333333333333334,OK
B0043,Jesse Foster,Associate,Technology & Services,5,5,37.1,42,0.8833333333333334,1.0,OK
B0044,Avery Nguyen,Associate,Consumer,5,5,36.9,42,0.8785714285714286,1.0,OK
B0055,Devon Park,VP,Technology & Services,4,4,35.099999999999994,40,0.8774999999999998,1.0,OK
B0073,Devon Foster,Managing Director,Healthcare,3,3,30.7,35,0.8771428571428571,1.0,OK
B0017,Devon Davis,Analyst,Healthcare,5,6,39.0,45,0.8666666666666667,0.8333333333333334,OK
B0018,Morgan Foster,Analyst,Industrial,5,6,38.8,45,0.8622222222222221,0.8333333333333334,OK
B0024,Chris Nguyen,Analyst,Consumer,5,6,37.599999999999994,45,0.8355555555555554,0.8333333333333334,OK
B0028,Jesse Foster,Associate,Consumer,5,5,34.9,42,0.8309523809523809,1.0,OK
B0060,Jordan Kim,Executive Director,Consumer,3,3,31.5,38,0.8289473684210527,1.0,OK
B0039,Avery Nguyen,Associate,Technology & Services,5,5,34.4,42,0.819047619047619,1.0,OK
B0063,Riley Chen,Executive Director,Technology & Services,3,3,29.799999999999997,38,0.7842105263157894,1.0,OK
B0059,Robin Ali,Executive Director,Technology & Services,3,3,28.9,38,0.7605263157894736,1.0,OK
B0038,Jesse Foster,Associate,Industrial,4,5,30.799999999999997,42,0.7333333333333333,0.8,OK
B0033,Jesse Foster,Associate,Healthcare,4,5,30.5,42,0.7261904761904762,0.8,OK
B0057,Chris Davis,VP,Healthcare,3,4,28.2,40,0.705,0.75,OK
B0068,Riley Chen,Executive Director,Consumer,3,3,25.799999999999997,38,0.6789473684210525,1.0,OK
B0037,Chris Davis,Associate,Healthcare,4,5,28.4,42,0.6761904761904761,0.8,OK
B0005,Jesse Park,Analyst,Healthcare,4,6,30.2,45,0.6711111111111111,0.6666666666666666,OK
B0034,Avery Nguyen,Associate,Industrial,4,5,27.7,42,0.6595238095238095,0.8,OK
B0036,Morgan Patel,Associate,Consumer,4,5,27.299999999999997,42,0.6499999999999999,0.8,OK
B0008,Morgan Foster,Analyst,Consumer,4,6,27.1,45,0.6022222222222222,0.6666666666666666,OK
B0058,Jesse Foster,VP,Industrial,7,4,73.0,40,1.825,1.75,OVER_STAFFED
B0004,Chris Nguyen,Analyst,Consumer,10,6,75.8,45,1.6844444444444444,1.6666666666666667,OVER_STAFFED
B0014,Chris Nguyen,Analyst,Industrial,9,6,72.9,45,1.62,1.5,OVER_STAFFED
B0001,Avery Patel,Analyst,Healthcare,9,6,72.1,45,1.602222222222222,1.5,OVER_STAFFED
B0009,Chris Nguyen,Analyst,Healthcare,10,6,70.3,45,1.5622222222222222,1.6666666666666667,OVER_STAFFED
B0046,Morgan Patel,VP,Industrial,6,4,59.1,40,1.4775,1.5,OVER_STAFFED
B0011,Avery Patel,Analyst,Technology & Services,9,6,65.6,45,1.4577777777777776,1.5,OVER_STAFFED
B0067,Finley Johnson,Executive Director,Technology & Services,5,3,53.900000000000006,38,1.418421052631579,1.6666666666666667,OVER_STAFFED
B0029,Avery Nguyen,Associate,Healthcare,8,5,58.9,42,1.4023809523809523,1.6,OVER_STAFFED
B0074,Morgan Nguyen,Managing Director,Industrial,5,3,46.8,35,1.337142857142857,1.6666666666666667,OVER_STAFFED
B0042,Chris Davis,Associate,Industrial,7,5,53.5,42,1.2738095238095237,1.4,OVER_STAFFED
B0003,Morgan Foster,Analyst,Technology & Services,8,6,57.3,45,1.2733333333333332,1.3333333333333333,OVER_STAFFED
B0075,Chris Park,Managing Director,Technology & Services,4,3,44.0,35,1.2571428571428571,1.3333333333333333,OVER_STAFFED
B0076,Jesse Patel,Managing Director,Consumer,4,3,43.4,35,1.24,1.3333333333333333,OVER_STAFFED
B0049,Avery Nguyen,VP,Healthcare,5,4,47.9,40,1.1975,1.25,OVER_STAFFED
B0023,Morgan Foster,Analyst,Technology & Services,7,6,52.9,45,1.1755555555555555,1.1666666666666667,OVER_STAFFED
B0041,Morgan Patel,Associate,Healthcare,7,5,49.3,42,1.1738095238095236,1.4,OVER_STAFFED
B0026,Morgan Patel,Associate,Industrial,6,5,46.7,42,1.111904761904762,1.2,OVER_STAFFED
B0007,Devon Davis,Analyst,Technology & Services,6,6,48.8,45,1.0844444444444443,1.0,OVER_STAFFED
B0020,Jesse Park,Analyst,Consumer,6,6,47.099999999999994,45,1.0466666666666666,1.0,OVER_STAFFED
B0021,Avery Patel,Analyst,Healthcare,6,6,46.8,45,1.04,1.0,OVER_STAFFED
B0031,Morgan Patel,Associate,Technology & Services,6,5,43.3,42,1.0309523809523808,1.2,OVER_STAFFED
B0072,Avery Davis,Managing Director,Consumer,2,3,19.9,35,0.5685714285714285,0.6666666666666666,UNDER_STAFFED
B0035,Devon Park,Associate,Technology & Services,3,5,23.700000000000003,42,0.5642857142857144,0.6,UNDER_STAFFED
B0064,Robin Ali,Executive Director,Consumer,2,3,21.200000000000003,38,0.5578947368421053,0.6666666666666666,UNDER_STAFFED
B0012,Devon Davis,Analyst,Consumer,3,6,24.8,45,0.5511111111111111,0.5,UNDER_STAFFED
B0030,Devon Park,Associate,Industrial,3,5,22.9,42,0.5452380952380952,0.6,UNDER_STAFFED
B0040,Devon Park,Associate,Consumer,3,5,22.6,42,0.5380952380952382,0.6,UNDER_STAFFED
B0061,Drew O'Brien,Executive Director,Healthcare,2,3,20.0,38,0.5263157894736842,0.6666666666666666,UNDER_STAFFED
B0032,Chris Davis,Associate,Consumer,3,5,22.1,42,0.5261904761904762,0.6,UNDER_STAFFED
B0052,Chris Davis,VP,Consumer,2,4,20.5,40,0.5125,0.5,UNDER_STAFFED
B0019,Chris Nguyen,Analyst,Technology & Services,3,6,22.2,45,0.4933333333333333,0.5,UNDER_STAFFED
B0010,Jesse Park,Analyst,Industrial,3,6,20.5,45,0.45555555555555555,0.5,UNDER_STAFFED
B0027,Chris Davis,Associate,Technology & Services,2,5,17.2,42,0.4095238095238095,0.4,UNDER_STAFFED
B0070,Chris Park,Managing Director,Industrial,1,3,12.3,35,0.3514285714285714,0.3333333333333333,UNDER_STAFFED
B0013,Morgan Foster,Analyst,Healthcare,2,6,15.0,45,0.3333333333333333,0.3333333333333333,UNDER_STAFFED
B0062,Finley Johnson,Executive Director,Industrial,1,3,11.4,38,0.3,0.3333333333333333,UNDER_STAFFED
B0069,Morgan Nguyen,Managing Director,Healthcare,1,3,9.7,35,0.27714285714285714,0.3333333333333333,UNDER_STAFFED
B0053,Jesse Foster,VP,Healthcare,1,4,10.0,40,0.25,0.25,UNDER_STAFFED
B0050,Devon Park,VP,Industrial,1,4,8.9,40,0.2225,0.25,UNDER_STAFFED
B0051,Morgan Patel,VP,Technology & Services,1,4,8.3,40,0.20750000000000002,0.25,UNDER_STAFFED
B0056,Morgan Patel,VP,Consumer,1,4,8.2,40,0.205,0.25,UNDER_STAFFED
